{"cameraMode":{"drawMode":0,"name":"Shaded","section":"Shading Mode"},"sceneLighting":false,"audioPlay":false,"sceneViewState":{"showFog":false,"showMaterialUpdate":false,"showSkybox":false,"showFlares":false,"showImageEffects":false,"showParticleSystems":false},"in2DMode":false,"pivot":{"x":7.185285568237305,"y":0.8266348838806152,"z":26.946331024169923},"rotation":{"x":0.06586705148220062,"y":0.5056872367858887,"z":-0.03876057639718056,"w":0.8593264222145081},"size":7.636099338531494,"orthographic":false}