{"cameraMode":{"drawMode":0,"name":"Shaded","section":"Shading Mode"},"sceneLighting":false,"audioPlay":false,"sceneViewState":{"showFog":false,"showMaterialUpdate":false,"showSkybox":false,"showFlares":false,"showImageEffects":false,"showParticleSystems":false},"in2DMode":false,"pivot":{"x":0.1818476915359497,"y":1.3111717700958253,"z":-24.154356002807618},"rotation":{"x":0.05800435319542885,"y":0.8920511603355408,"z":-0.1198011264204979,"w":0.431897908449173},"size":1.007548451423645,"orthographic":false}