{"cameraMode":{"drawMode":0,"name":"Shaded","section":"Shading Mode"},"sceneLighting":false,"audioPlay":false,"sceneViewState":{"showFog":false,"showMaterialUpdate":false,"showSkybox":false,"showFlares":false,"showImageEffects":false,"showParticleSystems":false},"in2DMode":false,"pivot":{"x":0.0,"y":0.2800000011920929,"z":-12.199999809265137},"rotation":{"x":0.15609495341777802,"y":0.6964830756187439,"z":-0.15940788388252259,"w":0.6820087432861328},"size":0.5049752593040466,"orthographic":false}