{"cameraMode":{"drawMode":0,"name":"Shaded","section":"Shading Mode"},"sceneLighting":false,"audioPlay":false,"sceneViewState":{"showFog":false,"showMaterialUpdate":false,"showSkybox":false,"showFlares":false,"showImageEffects":false,"showParticleSystems":false},"in2DMode":false,"pivot":{"x":-1.1830036640167237,"y":1.3877313137054444,"z":-8.940696716308594e-8},"rotation":{"x":0.0807991698384285,"y":0.6898799538612366,"z":-0.07793986052274704,"w":0.715172529220581},"size":0.6122089624404907,"orthographic":false}