{"cameraMode":{"drawMode":0,"name":"Shaded","section":"Shading Mode"},"sceneLighting":true,"audioPlay":false,"sceneViewState":{"m_AlwaysRefresh":false,"showFog":true,"showSkybox":true,"showFlares":true,"showImageEffects":true,"showParticleSystems":true,"showVisualEffectGraphs":true,"m_FxEnabled":true},"in2DMode":false,"pivot":{"x":0.14350678026676179,"y":0.7226913571357727,"z":-25.154836654663087},"rotation":{"x":0.00029619145789183676,"y":0.9863670468330383,"z":-0.1645578145980835,"w":0.0017768422840163112},"size":1.4269180297851563,"orthographic":false}